﻿<?xml version="1.0" encoding="UTF-8"?>
<root>
  <item name="BattleConfig" md5="52f159fbddae7256d8dab0cd6d915830" />
  <item name="CloneModeExtra" md5="8ee661444de0b812b6a646cb7c51a4c2" />
  <item name="CloneOneRoadModeExtra" md5="b0b7d5f12cefbc537feeb5885080dd93" />
  <item name="DeathRacingModeExtra" md5="0f0fd5766abbbe491186e131dab48a85" />
  <item name="DisOrderModeExtra" md5="34c3edaa0dfdcbcc938b4c3e25f532c0" />
  <item name="Document" md5="b73bc383bd8fe2415f38ed1bbeede18f" />
  <item name="EquipModeExtra" md5="027d1959b10ceba9252aed5764479267" />
  <item name="GuideModeExtra" md5="77b4c95722a8f3d6e3c14f10b27813f6" />
  <item name="LoadRes_Preload" md5="485f00c0b7267cc5e8f6aca3f2d0890a" />
  <item name="SingleSurvivalModeExtra" md5="6532bc3be091e13406ad905237715b79" />
  <item name="SurvivalModeExtra" md5="ea38606f09e3811d42fdcb0445c251c7" />
  <version name="528.1" />
</root>